# topic: Ballon d'Or wins by country, football
Year,Argentina #AR,France #FR,Portugal #PT,Germany #DE,Netherlands #NL,Italy #IT,Brazil #BR,England #EN,Spain #ES,Soviet Union #SU,Czechoslovakia #CS,Czechia #CZ,Bulgaria #BG,Croatia #HR,Denmark #DK,Liberia #LR,Northern Ireland,Hungary #HU,Scotland,Ukraine #UA
1959,0,1,0,0,0,0,0,1,2,0,0,0,0,0,0,0,0,0,0,0
1961,0,1,0,0,0,1,0,1,3,0,0,0,0,0,0,0,0,0,0,0
1963,0,1,0,0,0,1,0,1,3,1,1,0,0,0,0,0,0,0,0,0
1965,0,1,1,0,0,1,0,1,3,1,1,0,0,0,0,0,0,0,1,0
1967,0,1,1,0,0,1,0,2,3,1,1,0,0,0,0,0,0,1,1,0
1969,0,1,1,0,0,2,0,2,3,1,1,0,0,0,0,0,1,1,1,0
1971,0,1,1,1,1,2,0,2,3,1,1,0,0,0,0,0,1,1,1,0
1973,0,1,1,2,2,2,0,2,3,1,1,0,0,0,0,0,1,1,1,0
1975,0,1,1,2,3,2,0,2,3,2,1,0,0,0,0,0,1,1,1,0
1977,0,1,1,3,3,2,0,2,3,2,1,0,0,0,1,0,1,1,1,0
1979,0,1,1,3,3,2,0,4,3,2,1,0,0,0,1,0,1,1,1,0
1981,0,1,1,5,3,2,0,4,3,2,1,0,0,0,1,0,1,1,1,0
1983,0,2,1,5,3,3,0,4,3,2,1,0,0,0,1,0,1,1,1,0
1985,0,4,1,5,3,3,0,4,3,2,1,0,0,0,1,0,1,1,1,0
1987,0,4,1,5,4,3,0,4,3,3,1,0,0,0,1,0,1,1,1,0
1989,0,4,1,5,6,3,0,4,3,3,1,0,0,0,1,0,1,1,1,0
1991,0,5,1,6,6,3,0,4,3,3,1,0,0,0,1,0,1,1,1,0
1993,0,5,1,6,7,4,0,4,3,3,1,0,0,0,1,0,1,1,1,0
1995,0,5,1,6,7,4,0,4,3,3,1,0,1,0,1,1,1,1,1,0
1997,0,5,1,7,7,4,1,4,3,3,1,0,1,0,1,1,1,1,1,0
1999,0,6,1,7,7,4,2,4,3,3,1,0,1,0,1,1,1,1,1,0
2001,0,6,2,7,7,4,2,5,3,3,1,0,1,0,1,1,1,1,1,0
2003,0,6,2,7,7,4,3,5,3,3,1,1,1,0,1,1,1,1,1,0
2005,0,6,2,7,7,4,4,5,3,3,1,1,1,0,1,1,1,1,1,1
2007,0,6,2,7,7,5,5,5,3,3,1,1,1,0,1,1,1,1,1,1
2009,1,6,3,7,7,5,5,5,3,3,1,1,1,0,1,1,1,1,1,1
2011,3,6,3,7,7,5,5,5,3,3,1,1,1,0,1,1,1,1,1,1
2013,4,6,4,7,7,5,5,5,3,3,1,1,1,0,1,1,1,1,1,1
2015,5,6,5,7,7,5,5,5,3,3,1,1,1,0,1,1,1,1,1,1
2017,5,6,7,7,7,5,5,5,3,3,1,1,1,0,1,1,1,1,1,1
2019,6,6,7,7,7,5,5,5,3,3,1,1,1,1,1,1,1,1,1,1
2021,7,6,7,7,7,5,5,5,3,3,1,1,1,1,1,1,1,1,1,1
2023,8,7,7,7,7,5,5,5,3,3,1,1,1,1,1,1,1,1,1,1
2025,8,8,7,7,7,5,5,5,4,3,1,1,1,1,1,1,1,1,1,1
